modifier,node_noun,count
user,interaction,96
conversational,interaction,68
language,conversation,58
-,dialogue,55
turn,conversation,43
turn,dialogue,43
orient,dialogue,41
sales,dialogue,41
historical,interaction,38
language,interaction,38
interactive,dialogue,37
recommendation,dialogue,34
language,dialogue,34
computer,interaction,32
turn,interaction,30
-,interaction,26
interactive,conversation,25
base,interaction,23
item,interaction,22
-,conversation,22
historical,dialogue,22
multi,conversation,21
multi,dialogue,21
recommendation,dialog,20
pre,dialogue,18
natural,conversation,17
multi,interaction,17
historical,conversation,14
base,conversation,13
few,conversation,12
-,dialog,12
turn,dialog,12
commerce,dialogue,12
e,dialogue,12
current,dialogue,12
dynamic,interaction,12
goal,interaction,12
human,conversation,11
system,interaction,11
user,conversation,10
multi,dialog,10
recommendation,conversation,10
personalized,dialog,10
human,interaction,10
time,interaction,10
natural,interaction,10
type,dialogue,9
more,interaction,8
initiative,interaction,8
single,conversation,8
previous,interaction,8
rich,dialogue,8
recommender,dialogue,8
informative,conversation,8
empathetic,dialogue,8
subsequent,interaction,7
different,interaction,7
past,interaction,7
record,dialog,7
interactive,dialog,7
real,dialogue,7
natural,dialogue,7
annotate,dialogue,7
quality,dialogue,7
agent,interaction,6
generate,interaction,6
effective,interaction,6
type,dialog,6
rich,interaction,6
babi,dialog,6
dialogue,interaction,6
machine,interaction,6
system,conversation,6
modal,interaction,6
coherent,conversation,6
initiative,dialog,6
simulated,interaction,6
ongoing,conversation,6
individual,conversation,6
base,dialog,6
ground,dialogue,6
current,conversation,6
similar,conversation,6
minimal,interaction,6
preference,dialogue,6
machine,dialogue,6
modality,interaction,6
counseling,dialogue,6
multiple,interaction,5
recommendation,interaction,5
limited,conversation,5
chatbot,interaction,5
round,interaction,5
few,dialogue,5
personalize,interaction,5
unstructured,conversation,5
complex,interaction,5
short,interaction,5
such,interaction,4
specific,dialogue,4
novel,interaction,4
world,dialogue,4
social,dialogue,4
building,dialogue,4
like,dialogue,4
flow,dialogue,4
like,conversation,4
time,dialog,4
give,dialogue,4
separate,conversation,4
require,interaction,4
online,conversation,4
domain,dialogue,4
give,dialog,4
different,dialogue,4
ongoing,dialogue,4
base,dialogue,4
round,conversation,4
complete,dialogue,4
few,interaction,4
real,conversation,4
long,dialog,4
exist,dialogue,4
training,dialogue,4
synthetic,dialogue,4
adaptive,dialogue,4
reddit,conversation,4
quality,conversation,4
raw,conversation,4
entity,interaction,4
sale,dialog,4
social,interaction,4
answer,dialogue,4
orient,conversation,4
human,dialogue,4
informative,dialog,4
skill,dialog,4
nuanced,conversation,4
usercentric,dialogue,4
short,dialogue,4
multimodal,conversation,4
speak,dialogue,4
ended,interaction,4
finite,dialogue,4
flexible,interaction,4
psychological,dialogue,4
multimodal,dialog,4
simulate,interaction,3
seamless,interaction,3
drive,dialogue,3
system,dialogue,3
proactive,dialogue,3
drive,conversation,3
intelligent,dialogue,3
miss,interaction,3
chinese,dialog,3
model,conversation,3
recommender,interaction,3
represent,conversation,3
ambiguous,conversation,3
recorded,dialog,3
simulated,conversation,3
entire,conversation,3
massive,dialogue,3
party,dialogue,3
round,dialogue,3
long,dialogue,3
previous,dialog,3
real,interaction,3
similar,dialogue,3
generate,dialogue,3
label,conversation,3
complex,conversation,3
multiple,conversation,3
adaptive,interaction,3
automatic,interaction,3
enhance,conversation,3
fluent,interaction,3
efficient,interaction,3
ground,dialog,3
crs,interaction,3
multimodal,interaction,3
dynamic,conversation,3
multiskill,dialogue,3
exploratory,interaction,3
future,conversation,2
level,dialogue,2
simple,interaction,2
single,interaction,2
system,dialog,2
language,dialog,2
voting,interaction,2
dyadic,interaction,2
iterative,conversation,2
efficient,conversation,2
chatbot,conversation,2
good,interaction,2
flat,interaction,2
deep,interaction,2
specific,interaction,2
sequential,dialog,2
10k,dialog,2
community,interaction,2
whisper,interaction,2
drive,interaction,2
evolve,conversation,2
interactive,interaction,2
consider,interaction,2
orient,dialog,2
harness,dialog,2
different,dialog,2
user,dialog,2
optimize,dialogue,2
flexible,conversation,2
optimal,dialog,2
play,dialogue,2
multimodal,dialogue,2
bundle,interaction,2
optimal,interaction,2
dialogue,conversation,2
chat,conversation,2
conduct,conversation,2
non,interaction,2
missing,interaction,2
expensive,dialog,2
novel,dialogue,2
naturalistic,conversation,2
information,interaction,2
sample,dialogue,2
straightforward,interaction,2
engage,dialogue,2
sample,conversation,2
important,interaction,2
center,interaction,2
proceed,conversation,2
useful,interaction,2
form,interaction,2
view,interaction,2
depth,dialog,2
user,dialogue,2
initiate,dialog,2
personal,interaction,2
synthetic,dialog,2
relate,conversation,2
short,conversation,2
exploratory,conversation,2
collect,conversation,2
dialogic,interaction,2
training,conversation,2
voice,conversation,2
dissatisfactory,dialogue,2
term,conversation,2
negotiation,dialogue,2
multiple,dialogue,2
pe,dialogue,2
isolated,dialogue,2
travel,dialogue,2
select,dialogue,2
inconsistent,interaction,2
time,conversation,2
deliberation,dialogue,2
structured,dialogue,2
effective,dialogue,2
meaningful,dialogue,2
critiquing,interaction,2
neighboring,conversation,2
whole,dialogue,2
conventional,interaction,2
offline,conversation,2
real,dialog,2
initiate,conversation,2
unnecessary,interaction,2
original,dialogue,2
raw,dialogue,2
specific,conversation,2
parameter,interaction,2
correlation,interaction,2
semantic,interaction,2
personalized,conversation,2
sessionlevel,dialogue,2
emotional,conversation,2
guide,dialogue,2
aimless,conversation,2
target,dialogue,2
online,dialog,2
plausible,dialogue,2
simulate,conversation,2
movie,dialog,2
broken,conversation,2
guided,dialog,2
single,dialog,2
play,dialog,2
interface,interaction,2
enable,interaction,2
scale,dialog,2
style,interaction,2
past,conversation,2
5.1k,dialogue,2
way,interaction,2
initiative,conversation,2
exploit,conversation,2
conversational,dialogue,2
k,dialog,2
ongoing,dialog,2
unreliable,interaction,2
session,interaction,2
current,interaction,2
background,interaction,2
video,interaction,2
integrated,dialog,2
mimic,dialogue,2
final,conversation,2
lengthy,dialog,2
question,interaction,2
longitudinal,dialogue,2
domain,conversation,2
party,dialog,2
requirements,interaction,2
timely,interaction,2
original,dialog,2
mechanical,interaction,2
pseudo,interaction,2
academic,interaction,2
sophisticated,conversation,2
play,conversation,2
skill,dialogue,2
knowledge,dialog,2
knowledge,dialogue,2
engage,conversation,2
temporal,interaction,2
chat,dialogue,2
find,conversation,2
good,conversation,2
link,dialogue,2
clarify,dialogue,2
basic,dialogue,2
world,interaction,2
enriched,interaction,2
commerce,interaction,2
personalized,interaction,2
crs,dialogue,2
scripted,dialogue,2
redial,conversation,2
multiturn,dialogue,2
daily,conversation,2
simplistic,interaction,2
customized,interaction,2
realistic,dialog,2
ai,conversation,2
dynamic,dialogue,2
semantic,dialog,2
generate,conversation,2
solve,dialogue,2
support,dialogue,2
recommender,conversation,2
ai,interaction,2
noisy,dialogue,2
future,interaction,2
multilingual,interaction,2
ended,conversation,2
elicitation,conversation,2
wealthy,interaction,2
chinese,dialogue,2
travel,dialog,2
service,interaction,2
normal,dialogue,1
answer,interaction,1
develop,interaction,1
drive,dialog,1
round,dialog,1
create,dialogue,1
blow,dialogue,1
comprise,interaction,1
same,conversation,1
implicit,interaction,1
disconnected,interaction,1
statistical,dialogue,1
limited,dialogue,1
generating,interaction,1
propose,interaction,1
enhance,dialog,1
leverage,dialogue,1
non,dialog,1
multiple,dialog,1
organic,conversation,1
post,interaction,1
automate,conversation,1
exploit,interaction,1
dynamically,dialogue,1
record,dialogue,1
scale,conversation,1
task,dialogue,1
model,interaction,1
embrace,dialogue,1
huge,conversation,1
integrate,conversation,1
shot,interaction,1
main,interaction,1
significant,interaction,1
manage,conversation,1
aware,conversation,1
mimic,interaction,1
involve,interaction,1
modal,dialogue,1
different,conversation,1
augmented,conversation,1
define,conversation,1
excessive,interaction,1
improve,dialogue,1
certain,interaction,1
engage,interaction,1
factor,dialog,1
critique,interaction,1
style,dialogue,1
next,conversation,1
cross,interaction,1
inter,interaction,1
generative,dialogue,1
collect,interaction,1
lending,interaction,1
complex,dialogue,1
grain,dialogue,1
annotated,dialogue,1
broad,dialogue,1
propose,dialogue,1
identify,dialogue,1
represent,dialog,1
simulate,dialogue,1
mimic,conversation,1
large,dialogue,1
party,conversation,1
collective,dialogue,1
relative,conversation,1
direct,interaction,1
encode,dialogue,1
competitive,dialogue,1
examine,conversation,1
underlie,dialogue,1
obtain,conversation,1
mainstream,dialog,1
improved,dialog,1
improving,conversation,1
spoken,dialogue,1
textual,dialogue,1
affect,conversation,1
20k,dialogue,1
augment,conversation,1
report,dialog,1
whole,conversation,1
enhance,dialogue,1
acceptable,dialogue,1
utilize,interaction,1
address,interaction,1
only,interaction,1
effortless,interaction,1
available,dialogue,1
other,dialogue,1
inconsistent,dialogue,1
detect,conversation,1
similar,interaction,1
designer,interaction,1
logged,interaction,1
path,dialogue,1
diverse,dialogue,1
accept,conversation,1
track,interaction,1
realistic,dialogue,1
broad,interaction,1
traditional,dialogue,1
proactive,interaction,1
train,dialogue,1
single,dialogue,1
analyze,dialogue,1
like,interaction,1
learn,conversation,1
time,dialogue,1
fused,interaction,1
desire,interaction,1
control,conversation,1
lengthy,interaction,1
flexible,dialogue,1
coherent,dialogue,1
informative,dialogue,1
support,interaction,1
adapt,interaction,1
repeat,interaction,1
collect,dialogue,1
end,dialogue,1
end,dialog,1
harmonious,interaction,1
level,interaction,1
intelligent,interaction,1
prevalent,dialog,1
design,dialog,1
diverse,dialog,1
coherent,dialog,1
continue,dialogue,1
distinct,interaction,1
basic,interaction,1
predict,conversation,1
measure,conversation,1
input,dialogue,1
effective,conversation,1
static,conversation,1
comprehensive,conversation,1
hierarchical,conversation,1
analyze,conversation,1
exist,conversation,1
reduced,interaction,1
forth,dialogue,1
back,dialogue,1
total,dialogue,1
last,interaction,1
many,interaction,1
shot,dialogue,1
prolong,interaction,1
long,conversation,1
enable,dialogue,1
plan,interaction,1
provide,interaction,1
vary,interaction,1
power,dialog,1
multiskilled,dialogue,1
common,dialogue,1
vary,dialogue,1
fulfill,conversation,1
comprehensive,interaction,1
ensure,dialogue,1
realistic,interaction,1
e,interaction,1
distinct,dialogue,1
orient,interaction,1
less,conversation,1
elicits,conversation,1
latent,interaction,1
stateful,dialogue,1
assisted,dialogue,1
unnatural,dialogue,1
personalized,dialogue,1
enrich,interaction,1
more,dialogue,1
iterative,dialogue,1
aware,interaction,1
construct,dialogue,1
timestampe,interaction,1
extensive,dialogue,1
artificial,dialogue,1
diverse,conversation,1
constrain,conversation,1
realistic,conversation,1
authentic,interaction,1
end,interaction,1
smoother,interaction,1
entire,dialogue,1
connect,conversation,1
appropriate,dialogue,1
transient,dialogue,1
integrate,dialogue,1
synthesize,dialogue,1
elicitation,dialogue,1
optimal,dialogue,1
coverage,dialogue,1
25k,dialogue,1
sequential,conversation,1
capture,conversation,1
casual,dialogue,1
exploratory,dialogue,1
